 [{
 	"title": "Quiz-1",
 	"activityType": "quiz",
 	"questions": [{
 			"questionType": "mcq",
 			"questionText": [{
 					"text": "Machine learning is an “iterative” process, meaning that an AI team often has to try many ideas before coming up with something that’s good enough, rather than have the first thing they try work."
 				}

 			],
 			"max_marks": 1,
 			"options": [{
 					"option": "True",
 					"correct": "True"
 				},

 				{
 					"option": "False",
 					"correct": "False"
 				}

 			],
 			"correct_feedback": "Correct",
 			"wrong_feedback": "Incorrect"
 		},
 		{
 			"questionType": "mcq",
 			"questionText": [
 		{
 					"text": "Say you want to use Machine Learning to help your sales team with automatic lead sorting. I.e., Input A (a sales prospect) and output B (whether your sales team should prioritize them). The 3 steps of the workflow, in scrambled order, are:<br>(i) Deploy a trained model and get data back from users<br>(ii) Collect data with both A and B<br>(iii) Train a machine learning system to input A and output B<br>What is the correct ordering of these steps?"
 				}

 			],
 			"max_marks": 1,
 			"options": [{
 					"option": "(ii) (i) (iii)",
 					"correct": "False"
 				},

 				{
 					"option": "(i) (iii) (ii)",
 					"correct": "False"
 				},
 				{
 					"option": "(ii) (iii) (i)",
 					"correct": "True"
 				},

 				{
 					"option": "(i) (ii) (iii)",
 					"correct": "False"
 				}

 			],
 			"correct_feedback": "Correct",
 			"wrong_feedback": "Incorrect"
 		},
 		{
 			"questionType": "mcq",
 			"questionText": [
 		{
 					"text": "What are the key steps of a Data Science project?"
 				}

 			],
 			"max_marks": 1,
 			"options": [{
 					"option": "Collect data",
 					"correct": "False"
 				},

 				{
 					"option": "Analyze the data",
 					"correct": "False"
 				},
 				{
 					"option": "Suggest hypothesis or actions",
 					"correct": "False"
 				},

 				{
 					"option": "All of the above",
 					"correct": "True"
 				}

 			],
 			"correct_feedback": "Correct",
 			"wrong_feedback": "Incorrect"
 		},
 		{
 			"questionType": "checkbox",
 			"questionText": [
 		{
 					"text": "Machine Learning programs can help: (select all that apply)"
 				}

 			],
 			"max_marks": 1,
 			"options": [{
 					"option": "Customize product recommendations",
 					"correct": "True"
 				},

 				{
 					"option": "Automate visual inspection in a manufacturing line",
 					"correct": "True"
 				},
 				{
 					"option": "Automate resume screening",
 					"correct": "True"
 				},

 				{
 					"option": "Automate lead sorting in sales",
 					"correct": "True"
 				}

 			],
 			"correct_feedback": "Correct",
 			"wrong_feedback": "Incorrect"
 		},
 		{
 			"questionType": "mcq",
 			"questionText": [
 		{
 					"text": "Unless you have a huge dataset (\"Big Data\"), it is generally not worth attempting machine learning or data science projects on your problem."
 				}

 			],
 			"max_marks": 1,
 			"options": [{
 					"option": "True",
 					"correct": "False"
 				},

 				{
 					"option": "False",
 					"correct": "True"
 				}

 			],
 			"correct_feedback": "Correct",
 			"wrong_feedback": "Incorrect"
 		},
 		{
 			"questionType": "checkbox",
 			"questionText": [
 		{
 					"text": "Say you want to build an AI system to help recruiters with automated resume screening. Which of these steps might be involved in \"technical diligence\" for the?  (Select all that apply.)"
 				}

 			],
 			"max_marks": 1,
 			"options": [{
 					"option": "Making sure you can get enough data for this project",
 					"correct": "False"
 				},

 				{
 					"option": "Making sure that an AI system can meet the desired performance",
 					"correct": "True"
 				},
 				{
 					"option": "Ensuring that this is valuable for your business (e.g., estimating the project ROI)",
 					"correct": "True"
 				},

 				{
 					"option": "Defining an engineering timeline",
 					"correct": "False"
 				}

 			],
 			"correct_feedback": "Correct",
 			"wrong_feedback": "Incorrect"
 		},
 		{
 			"questionType": "mcq",
 			"questionText": [
 		{
 					"text": "Which of these statements about \"business diligence\" do you agree with?"
 				}

 			],
 			"max_marks": 1,
 			"options": [{
 					"option": "Business diligence is the process of ensuring that the envisioned AI technology is feasible.",
 					"correct": "False"
 				},

 				{
 					"option": "Business diligence is the process of ensuring that the AI technology, if it is built, is valuable for your business.",
 					"correct": "True"
 				},
 				{
 					"option": "Business diligence can typically be completed in less than a day.",
 					"correct": "False"
 				},

 				{
 					"option": "Business diligence applies only if you are launching new product lines or businesses.",
 					"correct": "False"
 				}

 			],
 			"correct_feedback": "Correct",
 			"wrong_feedback": "Incorrect"
 		},
 		{
 			"questionType": "checkbox",
 			"questionText": [
 		{
 					"text": "You want to use supervised learning for automated resume screening, as in the example above. Which of the following statements about the Training Set are true? (Select all that apply.)"
 				}

 			],
 			"max_marks": 1,
 			"options": [{
 					"option": "The Training set and Test set can be the same dataset.",
 					"correct": "False"
 				},

 				{
 					"option": "It should give examples of the input A (resume) but not necessarily the desired output B (whether to move forward with a candidate).",
 					"correct": "False"
 				},
 				{
 					"option": "It will be used by the AI team to train the supervised learning algorithm.",
 					"correct": "True"
 				},

 				{
 					"option": "It should give examples of both the input A (resume) and the desired output B (whether to move forward with a candidate).",
 					"correct": "True"
 				}

 			],
 			"correct_feedback": "Correct",
 			"wrong_feedback": "Incorrect"
 		},
 		{
 			"questionType": "checkbox",
 			"questionText": [
 		{
 					"text": "For your automated resume screening application, you are now providing a Test Set to the AI team. Which of the following statements about the Test Set are true? (Select all that apply.)"
 				}

 			],
 			"max_marks": 1,
 			"options": [{
 					"option": "It will be used by the AI team to evaluate the performance of the algorithm.",
 					"correct": "True"
 				},

 				{
 					"option": "It should give examples of the input A (resume) but not necessarily the desired output B (whether to move forward with a candidate).",
 					"correct": "False"
 				},
 				{
 					"option": "The Test Set should ideally be identical to the Training Set.",
 					"correct": "False"
 				},

 				{
 					"option": "It should give examples of both the input A (resume) and the desired output B (whether to move forward with a candidate)",
 					"correct": "True"
 				}

 			],
 			"correct_feedback": "Correct",
 			"wrong_feedback": "Incorrect"
 		},
 		{
 			"questionType": "mcq",
 			"questionText": [
 		{
 					"text": "Which of these are reasons that it’s often unrealistic to expect an ML system to be 100% accurate?"
 				}

 			],
 			"max_marks": 1,
 			"options": [{
 					"option": "You might not have enough data",
 					"correct": "False"
 				},

 				{
 					"option": "Data can be mislabeled",
 					"correct": "False"
 				},
 				{
 					"option": "Data can be ambiguous",
 					"correct": "False"
 				},

 				{
 					"option": "All of the above.",
 					"correct": "True"
 				}

 			],
 			"correct_feedback": "Correct",
 			"wrong_feedback": "Incorrect"
 		}
 	]
 }]